name,iata_code,iata_city_code,iso_country_code
Nunapitchuk Airport,NUP,NUP,US
Atmautluak Airport,ATT,ATT,US
Tununak Airport,TNK,TNK,US
Chuathbaluk Airport,CHU,CHU,US
Tuntutuliak Airport,WTL,WTL,US
Amchitka Army Airfield,AHT,AHT,US
Austin Robert Mueller Municipal,AUS,AUS,US
Goroka Airport,GKA,GKA,PG
Kimbe Airport,HKN,HKN,PG
Mount Hagen Kagamuga Airport,HGU,HGU,PG
Lae Nadzab Airport,LAE,LAE,PG
Port Moresby Jacksons International Airport,POM,POM,PG
Tokua Airport,RAB,RAB,PG
Berlin Brandenburg Airport (U.C.),BER,THF,DE
Kangerlussuaq Airport,SFJ,SFJ,GL
Crooked Creek Airport,CKD,CKD,US
Alert Bay Airport,YAL,YAL,CA
Sault Ste Marie Airport,YAM,YAM,CA
Cambridge Bay Airport,YCB,YCB,CA
Deer Lake Airport,YDF,YDF,CA
Inuvik Mike Zubko Airport,YEV,YEV,CA
Iqaluit Airport,YFB,YFB,CA
Fredericton Airport,YFC,YFC,CA
Fort Simpson Airport,YFS,YFS,CA
La Grande Rivière Airport,YGL,YGL,CA
Kuujjuarapik Airport,YGW,YGW,CA
John C. Munro Hamilton International Airport,YHM,YHM,CA
Hay River / Merlyn Carter Airport,YHY,YHY,CA
Halifax / Stanfield International Airport,YHZ,YHZ,CA
Ottawa Macdonald-Cartier International Airport,YOW,YOW,CA
Prince Rupert Airport,YPR,YPR,CA
Quebec Jean Lesage International Airport,YQB,YQB,CA
Windsor Airport,YQG,YQG,CA
Watson Lake Airport,YQH,YQH,CA
Lethbridge County Airport,YQL,YQL,CA
Greater Moncton International Airport,YQM,YQM,CA
Regina International Airport,YQR,YQR,CA
Thunder Bay Airport,YQT,YQT,CA
Grande Prairie Airport,YQU,YQU,CA
Resolute Bay Airport,YRB,YRB,CA
Sudbury Airport,YSB,YSB,CA
Nanisivik Airport,YSR,YSR,CA
Hall Beach Airport,YUX,YUX,CA
Val-d'Or Airport,YVO,YVO,CA
Kuujjuaq Airport,YVP,YVP,CA
Norman Wells Airport,YVQ,YVQ,CA
Vancouver International Airport,YVR,YVR,CA
Winnipeg / James Armstrong Richardson International Airport,YWG,YWG,CA
Wabush Airport,YWK,YWK,CA
Fort St John Airport,YXJ,YXJ,CA
Prince George Airport,YXS,YXS,CA
Terrace Airport,YXT,YXT,CA
London Airport,YXU,YXU,CA
Whitehorse / Erik Nielsen International Airport,YXY,YXY,CA
Calgary International Airport,YYC,YYC,CA
Fort Nelson Airport,YYE,YYE,CA
Victoria International Airport,YYJ,YYJ,CA
Goose Bay Airport,YYR,YYR,CA
St. John's International Airport,YYT,YYT,CA
Lester B. Pearson International Airport,YYZ,YYZ,CA
Yellowknife Airport,YZF,YZF,CA
Houari Boumediene Airport,ALG,ALG,DZ
Aguenar – Hadj Bey Akhamok Airport,TMR,TMR,DZ
Es Senia Airport,ORN,ORN,DZ
Cadjehoun Airport,COO,COO,BJ
Ouagadougou Airport,OUA,OUA,BF
Kotoka International Airport,ACC,ACC,GH
Port Bouet Airport,ABJ,ABJ,CI
Nnamdi Azikiwe International Airport,ABV,ABV,NG
Kaduna Airport,KAD,KAD,NG
Mallam Aminu International Airport,KAN,KAN,NG
Maiduguri International Airport,MIU,MIU,NG
Murtala Muhammed International Airport,LOS,LOS,NG
Port Harcourt International Airport,PHC,PHC,NG
Sadiq Abubakar III International Airport,SKO,SKO,NG
Diori Hamani International Airport,NIM,NIM,NE
Tunis Carthage International Airport,TUN,TUN,TN
Djerba Zarzis International Airport,DJE,DJE,TN
Lomé-Tokoin Airport,LFW,LFW,TG
Antwerp International Airport (Deurne),ANR,ANR,BE
Brussels Airport,BRU,BRU,BE
Liège Airport,LGG,LGG,BE
Ostend-Bruges International Airport,OST,OST,BE
Berlin-Schönefeld International Airport,SXF,SXF,DE
Dresden Airport,DRS,DRS,DE
Erfurt Airport,ERF,ERF,DE
Frankfurt am Main International Airport,FRA,FRA,DE
Münster Osnabrück Airport,FMO,FMO,DE
Hamburg Airport,HAM,HAM,DE
Cologne Bonn Airport,CGN,CGN,DE
Düsseldorf International Airport,DUS,DUS,DE
Munich International Airport,MUC,MUC,DE
Nuremberg Airport,NUE,NUE,DE
Leipzig Halle Airport,LEJ,LEJ,DE
Saarbrücken Airport,SCN,SCN,DE
Stuttgart Airport,STR,STR,DE
Hannover Airport,HAJ,HAJ,DE
Bremen Airport,BRE,BRE,DE
Friedrichshafen Airport,FDH,FDH,DE
Kassel-Calden Airport,KSF,KSF,DE
Lennart Meri Tallinn Airport,TLL,TLL,EE
Helsinki Vantaa Airport,HEL,HEL,FI
Kuopio Airport,KUO,KUO,FI
Pori Airport,POR,POR,FI
Tampere-Pirkkala Airport,TMP,TMP,FI
Turku Airport,TKU,TKU,FI
Vaasa Airport,VAA,VAA,FI
Belfast International Airport,BFS,BHD,GB
Birmingham International Airport,BHX,BHX,GB
Manchester Airport,MAN,MAN,GB
Cardiff International Airport,CWL,CWL,GB
Bristol International Airport,BRS,BRS,GB
Liverpool John Lennon Airport,LPL,LPL,GB
St. Mary's Airport,ISC,TSO,GB
Bournemouth Airport,BOH,BOH,GB
Guernsey Airport,GCI,GCI,GG
Jersey Airport,JER,JER,JE
Humberside Airport,HUY,HUY,GB
Leeds Bradford Airport,LBA,LBA,GB
Newcastle Airport,NCL,NCL,GB
Durham Tees Valley Airport,MME,MME,GB
East Midlands Airport,EMA,EMA,GB
Aberdeen Dyce Airport,ABZ,ABZ,GB
Glasgow International Airport,GLA,PIK,GB
Edinburgh Airport,EDI,EDI,GB
Norwich International Airport,NWI,NWI,GB
Exeter International Airport,EXT,EXT,GB
Amsterdam Airport Schiphol,AMS,SPL,NL
Maastricht Aachen Airport,MST,MST,NL
Eindhoven Airport,EIN,EIN,NL
Eelde Airport,GRQ,GRQ,NL
Rotterdam Airport,RTM,RTM,NL
Twenthe Airport,ENS,ENS,NL
Cork Airport,ORK,ORK,IE
Dublin Airport,DUB,DUB,IE
Shannon Airport,SNN,SNN,IE
Aarhus Airport,AAR,AAR,DK
Billund Airport,BLL,BLL,DK
Copenhagen Kastrup Airport,CPH,RKE,DK
Karup Airport,KRP,KRP,DK
Sønderborg Airport,SGD,SGD,DK
Aalborg Airport,AAL,AAL,DK
Luxembourg-Findel International Airport,LUX,LUX,LU
Bodø Airport,BOO,BOO,NO
Bergen Airport Flesland,BGO,BGO,NO
Kristiansand Airport,KRS,KRS,NO
Bardufoss Airport,BDU,BDU,NO
"Harstad/Narvik Airport, Evenes",EVE,EVE,NO
Oslo Gardermoen Airport,OSL,GEN,NO
Haugesund Airport,HAU,HAU,NO
Tromsø Airport,TOS,TOS,NO
Trondheim Airport Værnes,TRD,TRD,NO
"Stavanger Airport, Sola",SVG,SVG,NO
Warsaw Chopin Airport,WAW,WAW,PL
Gothenburg-Landvetter Airport,GOT,GOT,SE
Jönköping Airport,JKG,JKG,SE
Växjö Kronoberg Airport,VXO,VXO,SE
Sundsvall-Härnösand Airport,SDL,SDL,SE
Kiruna Airport,KRN,KRN,SE
Umeå Airport,UME,UME,SE
Örebro Airport,ORB,ORB,SE
Stockholm Västerås Airport,VST,VST,SE
Luleå Airport,LLA,LLA,SE
Norrköping Airport,NRK,NRK,SE
Ängelholm-Helsingborg Airport,AGH,AGH,SE
Riga International Airport,RIX,RSC,LV
Vilnius International Airport,VNO,VNO,LT
Bram Fischer International Airport,BFN,BFN,ZA
Cape Town International Airport,CPT,CPT,ZA
Ben Schoeman Airport,ELS,ELS,ZA
OR Tambo International Airport,JNB,JNB,ZA
Kimberley Airport,KIM,KIM,ZA
King Shaka International Airport,DUR,DUR,ZA
Port Elizabeth Airport,PLZ,PLZ,ZA
Maya-Maya Airport,BZV,BZV,CG
Pointe Noire Airport,PNR,PNR,CG
Bangui M'Poko International Airport,BGF,BGF,CF
Sir Seewoosagur Ramgoolam International Airport,MRU,MRU,MU
Douala International Airport,DLA,DLA,CM
Garoua International Airport,GOU,GOU,CM
Livingstone Airport,LVI,LVI,ZM
Lusaka International Airport,LUN,LUN,ZM
Iconi Airport,YVA,HAH,KM
Roland Garros Airport,RUN,RUN,RE
Ivato Airport,TNR,TNR,MG
Quatro de Fevereiro Airport,LAD,LAD,AO
Port Gentil Airport,POG,POG,GA
Libreville Leon M'ba International Airport,LBV,LBV,GA
São Tomé International Airport,TMS,TMS,ST
Beira Airport,BEW,BEW,MZ
Maputo Airport,MPM,MPM,MZ
Seychelles International Airport,SEZ,SEZ,SC
N'Djamena International Airport,NDJ,NDJ,TD
Joshua Mqabuko Nkomo International Airport,BUQ,BUQ,ZW
Harare International Airport,HRE,HRE,ZW
Chileka International Airport,BLZ,BLZ,MW
Lilongwe International Airport,LLW,LLW,MW
Luderitz Airport,LUD,LUD,NA
Hosea Kutako International Airport,WDH,ERS,NA
Ndjili International Airport,FIH,FIH h,CD
Mbandaka Airport,MDK,MDK,CD
Gemena Airport,GMA,GMA,CD
Bangoka International Airport,FKI,FKI,CD
Matari Airport,IRP,IRP,CD
Goma International Airport,GOM,GOM,CD
Kindu Airport,KND,KND,CD
Lubumbashi International Airport,FBM,FBM,CD
Kananga Airport,KGA,KGA,CD
Mbuji Mayi Airport,MJM,MJM,CD
Senou Airport,BKO,BKO,ML
Banjul International Airport,BJL,BJL,GM
Gran Canaria Airport,LPA,LPA,ES
Lungi International Airport,FNA,HGS,SL
Spriggs Payne Airport,MLW,ROB,LR
Al Massira Airport,AGA,AGA,MA
Saïss Airport,FEZ,FEZ,MA
Anfa Airport,CAS,CAS,MA
Rabat-Salé Airport,RBA,RBA,MA
Menara Airport,RAK,RAK k h,MA
Ibn Batouta Airport,TNG,TNG,MA
Goodnews Airport,GNU,GNU,US
Léopold Sédar Senghor International Airport,DKR,DKR,SN
Nouakchott International Airport,NKC,NKC,MR
Conakry Airport,CKY,CKY,GN
Amílcar Cabral International Airport,SID,SID,CV
Addis Ababa Bole International Airport,ADD,ADD,ET
Bujumbura International Airport,BJM,BJM,BI
Djibouti-Ambouli Airport,JIB,JIB,DJ
Cairo International Airport,CAI,CAI,EG
Luxor International Airport,LXR,LXR,EG
Aswan International Airport,ASW,ASW,EG
Asmara International Airport,ASM,ASM,ER
Jomo Kenyatta International Airport,NBO,WIL,KE
Mombasa Moi International Airport,MBA,MBA,KE
Benina International Airport,BEN,BEN,LY
Tripoli International Airport,TIP,TIP,LY
Kigali International Airport,KGL,KGL,RW
Juba International Airport,JUB,JUB,SS
Julius Nyerere International Airport,DAR,DAR,TZ
Kilimanjaro International Airport,JRO,JRO,TZ
Abeid Amani Karume International Airport,ZNZ,ZNZ,TZ
Entebbe International Airport,EBB,EBB,UG
Roosevelt Municipal Airport,ROL,ROL,US
Lehigh Valley International Airport,ABE,ABE,US
Abilene Regional Airport,ABI,ABI,US
Albuquerque International Sunport Airport,ABQ,ABQ,US
Aberdeen Regional Airport,ABR,ABR,US
Southwest Georgia Regional Airport,ABY,ABY,US
Nantucket Memorial Airport,ACK,ACK,US
Waco Regional Airport,ACT,ACT,US
Arcata Airport,ACV,ACV,US
Augusta Regional At Bush Field,AGS,AGS,US
Atlantic City Municipal Bader Field,AIY,ACY,US
Albany International Airport,ALB,ALB,US
Rick Husband Amarillo International Airport,AMA,AMA,US
Altoona Blair County Airport,AOO,AOO,US
Naples Municipal Airport,APF,APF,US
Hartsfield Jackson Atlanta International Airport,ATL,JAJ,US
Appleton International Airport,ATW,ATW,US
Austin Bergstrom International Airport,AUS,AUS,US
Wausau Downtown Airport,AUW,AUW,US
Asheville Regional Airport,AVL,AVL,US
Wilkes Barre Scranton International Airport,AVP,AVP,US
Kalamazoo Battle Creek International Airport,AZO,AZO,US
Blanding Municipal Airport,BDG,BDG,US
Bradley International Airport,BDL,BDL,US
Igor I Sikorsky Memorial Airport,BDR,BDR,US
Boulder Municipal Airport,WBU,WBU,US
Meadows Field,BFL,BFL,US
Greater Binghamton/Edwin A Link field,BGM,BGM,US
Bangor International Airport,BGR,BGR,US
Birmingham-Shuttlesworth International Airport,BHM,BHM,US
Billings Logan International Airport,BIL,BIL,US
Bellingham International Airport,BLI,BLI,US
Central Illinois Regional Airport at Bloomington-Normal,BMI,BMI,US
Nashville International Airport,BNA,BNA,US
Boise Air Terminal/Gowen field,BOI,BOI,US
General Edward Lawrence Logan International Airport,BOS,BOS,US
Southeast Texas Regional Airport,BPT,BPT,US
Brainerd Lakes Regional Airport,BRD,BRD,US
Brownsville South Padre Island International Airport,BRO,BRO,US
W K Kellogg Airport,BTL,BTL,US
Bert Mooney Airport,BTM,BTM,US
"Baton Rouge Metropolitan, Ryan Field",BTR,BTR,US
Burlington International Airport,BTV,BTV,US
Bob Hope Airport,BUR,BUR,US
Baltimore/Washington International Thurgood Marshall Airport,BWI,MTN,US
Gallatin Field,BZN,BZN,US
Columbia Metropolitan Airport,CAE,CAE,US
Akron Canton Regional Airport,CAK,CAK,US
Cedar City Regional Airport,CDC,CDC,US
Cape Girardeau Regional Airport,CGI,CGI,US
Lovell Field,CHA,CHA,US
Charleston Air Force Base-International Airport,CHS,CHS,US
Chico Municipal Airport,CIC,CIC,US
The Eastern Iowa Airport,CID,CID,US
Chignik Lagoon Airport,KCL,KCL,US
Cleveland Hopkins International Airport,CLE,BKL,US
Easterwood Field,CLL,CLL,US
Charlotte Douglas International Airport,CLT,CLT,US
Port Columbus International Airport,CMH,CMH,US
University of Illinois Willard Airport,CMI,CMI,US
Cavern City Air Terminal,CNM,CNM,US
Coeur D'Alene - Pappy Boyington Field,COE,COE ' l,US
City of Colorado Springs Municipal Airport,COS,COS,US
Columbia Regional Airport,COU,COU,US
Casper-Natrona County International Airport,CPR,CPR,US
Corpus Christi International Airport,CRP,CUX,US
Columbus Metropolitan Airport,CSG,CSG,US
Cincinnati Northern Kentucky International Airport,CVG,CVG,US
Capital City Airport,HAR,HAR,US
Daytona Beach International Airport,DAB,DAB,US
Dallas Love Field,DAL,DAL,US
James M Cox Dayton International Airport,DAY,DAY,US
Decatur Airport,DEC,DEC,US
Denver International Airport,DEN,DEN,US
Dallas Fort Worth International Airport,DFW,DFW,US
Dothan Regional Airport,DHN,DHN,US
Duluth International Airport,DLH,DLH,US
Vermilion Regional Airport,DNV,DNV,US
Durango La Plata County Airport,DRO,DRO,US
Des Moines International Airport,DSM,DSM,US
Delta Municipal Airport,DTA,DTA,US
Pangborn Memorial Airport,EAT,EAT,US
Elko Regional Airport,EKO,EKO,US
Elmira Corning Regional Airport,ELM,ELM,US
El Paso International Airport,ELP,ELP,US
Ely Airport Yelland Field,ELY,ELY,US
Erie International Tom Ridge Field,ERI,ERI,US
Esler Regional Airport,ESF,ESF,US
Mahlon Sweet Field,EUG,EUG,US
Evansville Regional Airport,EVV,EVV,US
New Bedford Regional Airport,EWB,EWB,US
Coastal Carolina Regional Airport,EWN,EWN,US
Hector International Airport,FAR,FAR,US
Fresno Yosemite International Airport,FAT,FAT,US
Fayetteville Regional Grannis Field,FAY,FAY,US
Flagstaff Pulliam Airport,FLG,FLG l ff,US
Page Field,FMY,FMY,US
Bishop International Airport,FNT,FNT,US
Fillmore Municipal Airport,FIL,FIL,US
St Lucie County International Airport,FPR,FPR,US
Joe Foss Field Airport,FSD,FSD,US
Fort Smith Regional Airport,FSM,FSM,US
Fort Wayne International Airport,FWA,FWA,US
Drake Field,FYV,FYV,US
Grand Forks International Airport,GFK,GFK,US
East Texas Regional Airport,GGG,GGG,US
Mid Delta Regional Airport,GLH,GLH,US
Gainesville Regional Airport,GNV,GNV,US
Glacier Park International Airport,FCA,FCA,US
Gulfport Biloxi International Airport,GPT,GPT,US
Austin Straubel International Airport,GRB,GRB,US
Gerald R. Ford International Airport,GRR,GRR,US
Piedmont Triad International Airport,GSO,GSO,US
Greenville Spartanburg International Airport,GSP,GSP,US
Great Falls International Airport,GTF,GTF,US
Gunnison Crested Butte Regional Airport,GUC,GUC,US
Grayling Airport,KGX,KGX,US
Hartford Brainard Airport,HFD,BDL,US
Range Regional Airport,HIB,HIB,US
Helena Regional Airport,HLN,HLN,US
William P Hobby Airport,HOU,SGR,US
Westchester County Airport,HPN,HPN,US
Valley International Airport,HRL,HRL,US
Huntsville International Carl T Jones Field,HSV,HSV,US
Tri-State/Milton J. Ferguson Field,HTS,HTS,US
Barnstable Municipal Boardman Polando Field,HYA,HYA,US
Niagara Falls International Airport,IAG,IAG,US
Ivanof Bay Seaplane Base,KIB,KIB,US
Wichita Mid Continent Airport,ICT,ICT,US
Skylark Field,ILE,ILE,US
Wilmington International Airport,ILM,ILM,US
Ford Airport,IMT,IMT,US
Indianapolis International Airport,IND,IND,US
Long Island Mac Arthur Airport,ISP,ISP,US
Ithaca Tompkins Regional Airport,ITH,ITH,US
Phoenix-Mesa-Gateway Airport,AZA,AZA,US
Jackson Hole Airport,JAC,JAC,US
Jackson-Medgar Wiley Evers International Airport,JAN,JAN,US
Jacksonville International Airport,JAX,JAX,US
Southern Wisconsin Regional Airport,JVL,JVL,US
Capital City Airport,LAN,LAN,US
McCarran International Airport,LAS,VGT,US
Lawton Fort Sill Regional Airport,LAW,LAW,US
Los Angeles International Airport,LAX,VNY,US
Lubbock Preston Smith International Airport,LBB,LBB,US
Lake Charles Regional Airport,LCH,LCH,US
Lebanon Municipal Airport,LEB,LEB,US
Lafayette Regional Airport,LFT,LFT,US
Long Beach /Daugherty Field/ Airport,LGB,LGB,US
Bill & Hillary Clinton National Airport/Adams Field,LIT,LIT,US
Lincoln Airport,LNK,LNK,US
Laredo International Airport,LRD,LRD,US
La Crosse Municipal Airport,LSE,LSE,US
Midland International Airport,MAF,MAF,US
MBS International Airport,MBS,MBS,US
Middle Georgia Regional Airport,MCN,MCN,US
Key Field,MEI,MEI,US
Memphis International Airport,MEM,MEM,US
Mc Allen Miller International Airport,MFE,MFE,US
Rogue Valley International Medford Airport,MFR,MFR,US
Montgomery Regional (Dannelly Field) Airport,MGM,MGM,US
Manchester Airport,MHT,MHT,US
Miami International Airport,MIA,MPB,US
Charles B. Wheeler Downtown Airport,MKC,MCI,US
General Mitchell International Airport,MKE,MKE,US
Muskegon County Airport,MKG,MKG,US
Melbourne International Airport,MLB,MLB,US
Quad City International Airport,MLI,MLI,US
Monroe Regional Airport,MLU,MLU,US
Mobile Regional Airport,MOB,MOB,US
Minot International Airport,MOT,MOT,US
Northwest Alabama Regional Airport,MSL,MSL,US
Dane County Regional Truax Field,MSN,MSN,US
Missoula International Airport,MSO,MSO,US
Minneapolis-St Paul International/Wold-Chamberlain Airport,MSP,MSP,US
Louis Armstrong New Orleans International Airport,MSY,MSY,US
Martha's Vineyard Airport,MVY,MVY,US
Williamson County Regional Airport,MWA,MWA,US
Myrtle Beach International Airport,MYR,MYR,US
Metropolitan Oakland International Airport,OAK,OAK,US
Will Rogers World Airport,OKC,OKC,US
Eppley Airfield,OMA,OMA,US
Ontario International Airport,ONT,ONT,US
Norfolk International Airport,ORF,ORF,US
Wittman Regional Airport,OSH,OSH,US
Oxnard Airport,OXR,OXR,US
Palm Beach International Airport,PBI,PBI,US
Portland International Airport,PDX,PDX,US
Panama City-Bay Co International Airport,PFN,PFN,US
Pitt Greenville Airport,PGV,PGV,US
Newport News Williamsburg International Airport,PHF,PHF,US
Philadelphia International Airport,PHL,PNE,US
Phoenix Sky Harbor International Airport,PHX,SCF,US
General Wayne A. Downing Peoria International Airport,PIA,PIA,US
Pocatello Regional Airport,PIH,PIH,US
Pierre Regional Airport,PIR,PIR,US
Pittsburgh International Airport,PIT,PIT,US
Mid Ohio Valley Regional Airport,PKB,PKB,US
Pensacola Regional Airport,PNS,PNS l,US
Northern Maine Regional Airport at Presque Isle,PQI,PQI,US
Tri Cities Airport,PSC,PSC,US
Palm Springs International Airport,PSP,PSP,US
Theodore Francis Green State Airport,PVD,PVD,US
Portland International Jetport Airport,PWM,PWM,US
Rapid City Regional Airport,RAP,RAP,US
Redding Municipal Airport,RDD,RDD,US
Raleigh Durham International Airport,RDU,RDU,US
Chicago Rockford International Airport,RFD,RFD,US
Richmond International Airport,RIC,RIC,US
Reno Tahoe International Airport,RNO,RNO,US
Roanoke–Blacksburg Regional Airport,ROA,ROA,US
Greater Rochester International Airport,ROC,ROC,US
Roswell International Air Center Airport,ROW,ROW,US
Rochester International Airport,RST,RST,US
Rocky Mount Wilson Regional Airport,RWI,RWI,US
Sacramento Executive Airport,SAC,SMF,US
San Diego International Airport,SAN,SAN,US
San Antonio International Airport,SAT,SAT,US
Savannah Hilton Head International Airport,SAV,SAV,US
Sawyer International Airport,MQT,MQT,US
Santa Barbara Municipal Airport,SBA,SBA,US
South Bend Regional Airport,SBN,SBN,US
Steamboat Springs Bob Adams Field,SBS,SBS,US
Stockton Metropolitan Airport,SCK,SCK,US
Louisville International Standiford Field,SDF,SDF,US
Seattle Tacoma International Airport,SEA,SEA,US
Sedona Airport,SDX,SDX,US
San Francisco International Airport,SFO,EMB,US
Springfield Branson National Airport,SGF,SGF,US
St George Municipal Airport,SGU,SGU,US
Shreveport Regional Airport,SHV,SHV,US
Norman Y. Mineta San Jose International Airport,SJC,SJC,US
San Angelo Regional Mathis Field,SJT,SJT,US
Salt Lake City International Airport,SLC,SLC,US
Santa Maria Pub/Capt G Allan Hancock Field,SMX,SMX,US
John Wayne Airport-Orange County Airport,SNA,SNA,US
Abraham Lincoln Capital Airport,SPI,SPI,US
Sheppard Air Force Base-Wichita Falls Municipal Airport,SPS,SPS,US
Sarasota Bradenton International Airport,SRQ,SRQ,US
Lambert St Louis International Airport,STL,STL,US
Stewart International Airport,SWF,SWF,US
Syracuse Hancock International Airport,SYR,SYR,US
Tuscaloosa Regional Airport,TCL,TCL,US
Tallahassee Regional Airport,TLH,TLH,US
Toledo Express Airport,TOL,TOL,US
Philip Billard Municipal Airport,TOP,TOP,US
Tampa International Airport,TPA,TPA,US
Tri Cities Regional Tn Va Airport,TRI,TRI,US
Trenton Mercer Airport,TTN,TTN,US
Tulsa International Airport,TUL,TUL l,US
Tucson International Airport,TUS,TUS,US
Cherry Capital Airport,TVC,TVC,US
Joslin Field Magic Valley Regional Airport,TWF,TWF,US
Texarkana Regional Webb Field,TXK,TXK,US
Tyler Pounds Regional Airport,TYR,TYR,US
McGhee Tyson Airport,TYS,TYS,US
Columbus Lowndes County Airport,UBS,UBS,US
Vernal Regional Airport,VEL,VEL,US
Valdosta Regional Airport,VLD,VLD,US
Eglin Air Force Base,VPS,VPS,US
Kwigillingok Seaplane Base,KWK,KWK,US
Yakima Air Terminal McAllister Field,YKM,YKM,US
Sofia Airport,SOF,SOF,BG
Ercan International Airport,ECN,ECN,CY
Larnaca International Airport,LCA,LCA,CY
Paphos International Airport,PFO,PFO,CY
Osijek Airport,OSI,OSI,HR
Zagreb Airport,ZAG,ZAG,HR
Alicante International Airport,ALC,ALC,ES
Asturias Airport,OVD,OVD,ES
Bilbao Airport,BIO,BIO,ES
Barcelona International Airport,BCN,BCN,ES
Adolfo Suárez Madrid–Barajas Airport,MAD,MAD,ES
Málaga Airport,AGP,AGP,ES
Palma De Mallorca Airport,PMI,PMI,ES
Santiago de Compostela Airport,SCQ,SCQ,ES
Valencia Airport,VLC,VLC,ES
Valladolid Airport,VLL,VLL,ES
Vitoria/Foronda Airport,VIT,VIT,ES
Zaragoza Air Base,ZAZ,ZAZ,ES
Sevilla Airport,SVQ,SVQ,ES
Bordeaux-Mérignac Airport,BOD,BOD,FR
Limoges Airport,LIG,LIG,FR
Toulouse-Blagnac Airport,TLS,TLS,FR
Pau Pyrénées Airport,PUF,PUF,FR
Tarbes-Lourdes-Pyrénées Airport,LDE,LDE,FR
Biarritz-Anglet-Bayonne Airport,BIQ,BIQ,FR
Bastia-Poretta Airport,BIA,BIK,FR
Calvi-Sainte-Catherine Airport,CLY,CLY,FR
Ajaccio-Napoléon Bonaparte Airport,AJA,AJA,FR
Lyon Saint-Exupéry Airport,LYS,LYS,FR
Annecy-Haute-Savoie-Mont Blanc Airport,NCY,NCY,FR
Grenoble-Isère Airport,GNB,GNB,FR
Marseille Provence Airport,MRS,MRS,FR
Nice-Côte d'Azur Airport,NCE,NCE,FR
Perpignan-Rivesaltes (Llabanère) Airport,PGF,PGF,FR
Montpellier-Méditerranée Airport,MPL,MPL,FR
Le Havre Octeville Airport,LEH,LEH,FR
Rouen Airport,URO,URO,FR
Lille-Lesquin Airport,LIL,LIL,FR
Brest Bretagne Airport,BES,BES,FR
Nantes Atlantique Airport,NTE,NTE,FR
EuroAirport Basel-Mulhouse-Freiburg Airport,BSL,BSL,FR
Nancy-Essey Airport,ENC,ENC,FR
Strasbourg Airport,SXB,SXB,FR
Toulon-Hyères Airport,TLN,TLN,FR
Nîmes-Arles-Camargue Airport,FNI,FNI,FR
Dimokritos Airport,AXD,AXD,GR
Eleftherios Venizelos International Airport,ATH,ATH,GR
Heraklion International Nikos Kazantzakis Airport,HER,HER,GR
Thessaloniki Macedonia International Airport,SKG,SKG,GR
Budapest Ferenc Liszt International Airport,BUD,BUD,HU
Bari Karol Wojtyła Airport,BRI,BRI,IT
Pescara International Airport,PSR,PSR,IT
Catania-Fontanarossa Airport,CTA,CTA,IT
Falcone–Borsellino Airport,PMO,PMO,IT
Turin Airport,TRN,TRN,IT
Genoa Cristoforo Colombo Airport,GOA,GOA,IT
Bologna Guglielmo Marconi Airport,BLQ,BLQ,IT
Trieste–Friuli Venezia Giulia Airport,TRS,TRS,IT
Federico Fellini International Airport,RMI,RMI,IT
Verona Villafranca Airport,VRN,VRN,IT
Ancona Falconara Airport,AOI,AOI,IT
Venice Marco Polo Airport,VCE,TSF,IT
Naples International Airport,NAP,NAP l,IT
Pisa International Airport,PSA,PSA,IT
Peretola Airport,FLR,FLR,IT
Ljubljana Jože Pučnik Airport,LJU,LJU,SI
Maribor Airport,MBX,MBX,SI
Ruzyně International Airport,PRG,PRG,CZ
Ben Gurion International Airport,TLV,TLV,IL
Eilat Airport,ETH,ETH,IL
Malta International Airport,MLA,MLA,MT
Graz Airport,GRZ,GRZ,AT
Innsbruck Airport,INN,INN,AT
Klagenfurt Airport,KLU,KLU,AT
Linz Airport,LNZ,LNZ,AT
Salzburg Airport,SZG,SZG,AT
Vienna International Airport,VIE,VIE,AT
Faro Airport,FAO,FAO,PT
Lajes Field,TER,TER,PT
Madeira Airport,FNC,FNC,PT
João Paulo II Airport,PDL,PDL,PT
Francisco de Sá Carneiro Airport,OPO,OPO,PT
Lisbon Portela Airport,LIS,LIS,PT
Timişoara Traian Vuia Airport,TSR,TSR,RO
Geneva Cointrin International Airport,GVA,GVA,CH
Lugano Airport,LUG,LUG,CH
Bern Belp Airport,BRN,BRN,CH
Buochs Airport,BXO,BXO,CH
Zürich Airport,ZRH,ZRH,CH
Etimesgut Air Base,ANK,ESB,TR
Adana Airport,ADA,ADA,TR
Antalya International Airport,AYT,AYT,TR
Atatürk International Airport,IST,IST,TR
Dalaman International Airport,DLM,DLM,TR
Belgrade Nikola Tesla Airport,BEG,BEG,RS
Nis Airport,INI,INI,RS
M. R. Štefánik Airport,BTS,BTS,SK
JAGS McCartney International Airport,GDT,GDT,TC
Providenciales Airport,PLS,PLS,TC
Gregorio Luperon International Airport,POP,POP,DO
Las Américas International Airport,SDQ,SDQ,DO
La Aurora Airport,GUA,GUA,GT
Mundo Maya International Airport,FRS,FRS,GT
Goloson International Airport,LCE,LCE,HN
Ramón Villeda Morales International Airport,SAP,SAP,HN
Juan Manuel Galvez International Airport,RTB,RTB,HN
Toncontín International Airport,TGU,TGU,HN
Norman Manley International Airport,KIN,KTP,JM
Sangster International Airport,MBJ,MBJ,JM
General Juan N Alvarez International Airport,ACA,ACA,MX
Jesus Teran International Airport,AGU,AGU,MX
Bahías de Huatulco International Airport,HUX,HUX,MX
Ciudad del Carmen International Airport,CME,CME,MX
Bachigualato Federal International Airport,CUL,CUL,MX
Chetumal International Airport,CTM,CTM,MX
Chichen Itza International Airport,CZA,CZA,MX
General Roberto Fierro Villalobos International Airport,CUU,CUU,MX
Cozumel International Airport,CZM,CZM,MX
General Guadalupe Victoria International Airport,DGO,DGO,MX
Don Miguel Hidalgo Y Costilla International Airport,GDL,GDL,MX
General Ignacio P. Garcia International Airport,HMO,HMO,MX
Licenciado Miguel de la Madrid Airport,CLQ,CLQ,MX
Plan De Guadalupe International Airport,SLW,SLW,MX
Valle del Fuerte International Airport,LMM,LMM h,MX
Manuel Márquez de León International Airport,LAP,LAP,MX
Loreto International Airport,LTO,LTO,MX
General Servando Canales International Airport,MAM,MAM,MX
Licenciado Manuel Crescencio Rejon Int Airport,MID,MID,MX
General Francisco J. Mujica International Airport,MLM,MLM,MX
Minatitlán/Coatzacoalcos National Airport,MTT,MTT,MX
Licenciado Benito Juarez International Airport,MEX,MEX,MX
General Mariano Escobedo International Airport,MTY,MTY,MX
General Rafael Buelna International Airport,MZT,MZT,MX
Quetzalcóatl International Airport,NLD,NLD,MX
Xoxocotlán International Airport,OAX,OAX,MX
Hermanos Serdán International Airport,PBC,PBC,MX
Licenciado Gustavo Díaz Ordaz International Airport,PVR,PVR,MX
Puerto Escondido International Airport,PXM,PXM,MX
Los Cabos International Airport,SJD,SJD,MX
Ponciano Arriaga International Airport,SLP,SLP,MX
Francisco Sarabia International Airport,TRC,TRC,MX
Angel Albino Corzo International Airport,TGZ,TGZ,MX
General Abelardo L. Rodríguez International Airport,TIJ,TIJ,MX
Cancún International Airport,CUN,CUN,MX
Carlos Rovirosa Pérez International Airport,VSA,VSA,MX
General Heriberto Jara International Airport,VER,VER,MX
General Leobardo C. Ruiz International Airport,ZCL,ZCL,MX
Ixtapa Zihuatanejo International Airport,ZIH,ZIH,MX
Playa De Oro International Airport,ZLO,ZLO,MX
Augusto C. Sandino (Managua) International Airport,MGA,MGA,NI
Tocumen International Airport,PTY,PAC,PA
Juan Santamaria International Airport,SJO,SJO,CR
El Salvador International Airport,SAL,SAL,SV
Toussaint Louverture International Airport,PAP,PAP,HT
José Martí International Airport,HAV,HAV,CU
Owen Roberts International Airport,GCM,GCM,KY
Grand Bahama International Airport,FPO,FPO,BS
Lynden Pindling International Airport,NAS,NAS,BS
Philip S. W. Goldson International Airport,BZE,TZA,BZ
Rarotonga International Airport,RAR,RAR,CK
Nadi International Airport,NAN,NAN,FJ
Nausori International Airport,SUV,SUV,FJ
Fua'amotu International Airport,TBU,TBU,TO
Faleolo International Airport,APW,APW,WS
Pago Pago International Airport,PPG,PPG,AS
Faa'a International Airport,PPT,PPT,PF
Bauerfield International Airport,VLI,VLI,VU
La Tontouta International Airport,NOU,GEA,NC
Auckland International Airport,AKL,AKL,NZ
Christchurch International Airport,CHC,CHC,NZ
Wellington International Airport,WLG,WLG,NZ
Kabul International Airport,KBL,KBL,AF
Bahrain International Airport,BAH,BAH,BH
Abha Regional Airport,AHB,AHB,SA
Al Baha Airport,ABT,ABT,SA
King Abdulaziz Air Base,DHA,DHA,SA
Gassim Airport,ELQ,ELQ,SA
Hail Airport,HAS,HAS,SA
King Abdulaziz International Airport,JED,JED,SA
Prince Mohammad Bin Abdulaziz Airport,MED,MED,SA
King Khaled International Airport,RUH,RUH,SA
Tabuk Airport,TUU,TUU,SA
Taif Airport,TIF,TIF,SA
Abadan Airport,ABD,ABD,IR
Bushehr Airport,BUZ,BUZ,IR
Esfahan Shahid Beheshti International Airport,IFN,IFN,IR
Mehrabad International Airport,THR,THR,IR
Bandar Abbas International Airport,BND,BND,IR
Kerman Airport,KER,KER,IR
Mashhad International Airport,MHD,MHD,IR
Shiraz Shahid Dastghaib International Airport,SYZ,SYZ,IR
Tabriz International Airport,TBZ,TBZ,IR
Zahedan International Airport,ZAH,ZAH,IR
Queen Alia International Airport,AMM,AMM,JO
Aqaba King Hussein International Airport,AQJ,AQJ,JO
Kuwait International Airport,KWI,KWI,KW
Beirut Rafic Hariri International Airport,BEY,BEY,LB
Abu Dhabi International Airport,AUH,AUH,AE
Dubai International Airport,DXB,DXB,AE
Fujairah International Airport,FJR,FJR,AE
Sharjah International Airport,SHJ,SHJ,AE
Muscat International Airport,MCT,MCT,OM
Jinnah International Airport,KHI,KHI,PK
Alama Iqbal International Airport,LHE,LHE,PK
Peshawar International Airport,PEW,PEW,PK
Quetta International Airport,UET,UET,PK
Benazir Bhutto International Airport,ISB,ISB,PK
Baghdad International Airport,BGW,SDA,IQ
Basrah International Airport,BSR,BSR,IQ
Aleppo International Airport,ALP,ALP,SY
Damascus International Airport,DAM,DAM,SY
Aden International Airport,ADE,ADE,YE
Sana'a International Airport,SAH,SAH,YE
Bethel Airport,BET,BET,US
Wiley Post Will Rogers Memorial Airport,BRW,BRW,US
Bettles Airport,BTT,BTT,US
Cold Bay Airport,CDB,CDB,US
Chalkyitsik Airport,CIK,CIK,US
Chefornak Airport,CYF,CYF,US
Scammon Bay Airport,SCM,SCM,US
Merle K (Mudhole) Smith Airport,CDV,CDV,US
Adak Airport,ADK,ADK,US
Dillingham Airport,DLG,DLG,US
Marshall Don Hunter Sr Airport,MLL,MLL,US
Kodiak Airport,ADQ,ADQ,US
Unalaska Airport,DUT,DUT,US
Kongiganak Airport,KKH,KKH,US
Eek Airport,EEK,EEK,US
Kenai Municipal Airport,ENA,ENA,US
Newtok Airport,WWT,WWT,US
Fairbanks International Airport,FAI,FAI,US
Edward G. Pitka Sr Airport,GAL,GAL,US
Nightmute Airport,NME,NME,US
Holy Cross Airport,HCR,HCR,US
Huslia Airport,HSL,HSL,US
Homer Airport,HOM,HOM,US
Hooper Bay Airport,HPB,HPB,US
Hughes Airport,HUS,HUS,US
Shageluk Airport,SHX,SHX,US
Iliamna Airport,ILI,ILI,US
Juneau International Airport,JNU,JNU,US
False Pass Airport,KFP,KFP,US
Kipnuk Airport,KPN,KPN,US
King Salmon Airport,AKN,AKN,US
Ketchikan International Airport,KTN,KTN,US
Kaltag Airport,KAL,KAL,US
Kalskag Airport,KLG,KLG,US
McGrath Airport,MCG,MCG,US
Mekoryuk Airport,MYU,MYU,US
Napakiak Airport,WNA,WNA,US
Ted Stevens Anchorage International Airport,ANC,MRI,US
Aniak Airport,ANI,ANI,US
Anvik Airport,ANV,ANV,US
Nome Airport,OME,OME,US
Toksook Bay Airport,OOK,OOK,US
Ralph Wien Memorial Airport,OTZ,OTZ,US
St George Airport,STG,STG,US
Perryville Airport,KPV,KPV,US
Petersburg James A Johnson Airport,PSG,PSG,US
Port Heiden Airport,PTH,PTH,US
Napaskiak Airport,PKA,PKA,US
Platinum Airport,PTU,PTU,US
Quinhagak Airport,KWN,KWN,US
Arctic Village Airport,ARC,ARC,US
Russian Mission Airport,RSH,RSH,US
Ruby Airport,RBY,RBY,US
Deadhorse Airport,SCC,SCC,US
Sand Point Airport,SDP,SDP,US
Sitka Rocky Gutierrez Airport,SIT,SIT,US
Sleetmute Airport,SLQ,SLQ,US
St Mary's Airport,KSM,KSM,US
Soldotna Airport,SXQ,SXW,US
Eareckson Air Station,SYA,SYA,US
Ralph M Calhoun Memorial Airport,TAL,TAL,US
Unalakleet Airport,UNK,UNK,US
Chevak Airport,VAK,VAK,US
King Cove Airport,KVC,KVC,US
Venetie Airport,VEE,VEE,US
Beaver Airport,WBQ,WBQ,US
Seward Airport,SWD,SWD,US
Wrangell Airport,WRG,WRG,US
Yakutat Airport,YAK,YAK,US
Perleberg,PER,PER,DE
Akiak Airport,AKI,AKI,US
Allakaket Airport,AET,AET,US
Kasigluk Airport,KUK,KUK,US
Koyukuk Airport,KYU,KYU,US
Kwethluk Airport,KWT,KWT,US
Fort Yukon Airport,FYU,FYU,US
Port Graham Airport,PGM,PGM,US
Rota International Airport,ROP,ROP,MP
Saipan International Airport,SPN,SPN,MP
Antonio B. Won Pat International Airport,GUM,GUM,GU
Kona International At Keahole Airport,KOA,KOA l,US
Lihue Airport,LIH,LIH,US
Molokai Airport,MKK,MKK,US
Honolulu International Airport,HNL,HNL,US
Lanai Airport,LNY,LNY,US
Kahului Airport,OGG,OGG,US
Hilo International Airport,ITO,ITO,US
Johnston Atoll Airport,JON,JON,UM
Marshall Islands International Airport,MAJ,MAJ,MH
Bucholz Army Air Field,KWA,KWA,MH
Chuuk International Airport,TKK,TKK,FM
Pohnpei International Airport,PNI,PNI,FM
Babelthuap Airport,ROR,ROR,PW
Kosrae International Airport,KSA,KSA,FM
Yap International Airport,YAP,YAP,FM
Hamad International Airport,DOH,DOH,QA
Kaohsiung International Airport,KHH,KHH,TW
Taichung Airport,TXG,TXG,TW
Taiwan Taoyuan International Airport,TPE,TSA,TW
Red Devil Airport,RDV,RDV,US
Hakodate Airport,HKD,HKD,JP
Kushiro Airport,KUH,KUH,JP
Yamaguchi Ube Airport,UBJ,UBJ,JP
Asahikawa Airport,AKJ,AKJ,JP
Fukuoka Airport,FUK,FUK,JP
Kagoshima Airport,KOJ,KOJ,JP
Miyazaki Airport,KMI,KMI,JP
Oita Airport,OIT,OIT,JP
Kumamoto Airport,KMJ,KMJ,JP
Nagasaki Airport,NGS,NGS,JP
Chubu Centrair International Airport,NGO,NGO,JP
Komatsu Airport,KMQ,KMQ,JP
Toyama Airport,TOY,TOY,JP
Hiroshima Airport,HIJ,HIJ,JP
Okayama Airport,OKJ,OKJ,JP
Kōchi Ryōma Airport,KCZ,KCZ,JP
Matsuyama Airport,MYJ,MYJ,JP
Tottori Airport,TTJ,TTJ,JP
Tokushima Airport,TKS,TKS,JP
Takamatsu Airport,TAK,TAK,JP
Aomori Airport,AOJ,AOJ,JP
Yamagata Airport,GAJ,GAJ,JP
Akita Airport,AXT,AXT,JP
Niigata Airport,KIJ,KIJ,JP
Sendai Airport,SDJ,SDJ,JP
Gwangju Airport,KWJ,KWJ,KR
Jeju International Airport,CJU,CJU,KR
Gimhae International Airport,PUS,PUS,KR
Daegu Airport,TAE,TAE,KR
Naha Airport,OKA,OKA,JP
Ninoy Aquino International Airport,MNL,MNL,PH
Francisco Bangoy International Airport,DVO,DVO,PH
Mactan Cebu International Airport,CEB,CEB,PH
El Plumerillo Airport,MDZ,MDZ,AR
Piloto Civil N. Fernández Airport,RGL,RGL,AR
Val de Cans/Júlio Cezar Ribeiro International Airport,BEL,BEL,BR
Presidente Juscelino Kubistschek International Airport,BSB,BSB,BR
Atlas Brasil Cantanhede Airport,BVB,BVB,BR
Campo Grande Airport,CGR,CGR,BR
Afonso Pena Airport,CWB,CWB,BR
Marechal Rondon Airport,CGB,CGB,BR
Cruzeiro do Sul Airport,CZS,CZS,BR
Eduardo Gomes International Airport,MAO,MAO,BR
Cataratas International Airport,IGU,IGU,BR
Pinto Martins International Airport,FOR,FOR,BR
Salgado Filho Airport,POA,POA,BR
Governador Jorge Teixeira de Oliveira Airport,PVH,PVH,BR
Guararapes - Gilberto Freyre International Airport,REC,REC,BR
Governador Aluízio Alves International Airport,NAT,NAT,BR
Marechal Cunha Machado International Airport,SLZ,SLZ,BR
Deputado Luiz Eduardo Magalhães International Airport,SSA,SSA,BR
Trombetas Airport,TMT,TMT,BR
San Rafael Airport,LOB,LOB,CL
Chacalluta Airport,ARI,ARI,CL
Desierto de Atacama Airport,CPO,CPO,CL
Balmaceda Airport,BBA,BBA,CL
El Loa Airport,CJC,CJC,CL
Pdte. carlos Ibañez del Campo Airport,PUQ,PUQ,CL
Teniente Vidal Airport,GXQ,GXQ,CL
Diego Aracena Airport,IQQ,IQQ,CL
Comodoro Arturo Merino Benítez International Airport,SCL,SCL,CL
Ricardo García Posada Airport,ESR,ESR,CL
Cerro Moreno Airport,ANF,ANF,CL
Carriel Sur Airport,CCP,CCP,CL
Mataveri Airport,IPC,IPC,CL
Cañal Bajo Carlos - Hott Siebert Airport,ZOS,ZOS,CL
La Araucania Airport,ZCO,ZCO,CL
El Tepual Airport,PMC,PMC,CL
Mariscal Lamar Airport,CUE,CUE,EC
José Joaquín de Olmedo International Airport,GYE,GYE,EC
Mariscal Sucre International Airport,UIO,UIO,EC
Silvio Pettirossi International Airport,ASU,ASU,PY
Palonegro Airport,BGA,BGA,CO
El Dorado International Airport,BOG,BOG,CO
Ernesto Cortissoz International Airport,BAQ,BAQ,CO
Rafael Nuñez International Airport,CTG,CTG,CO
Alfonso Bonilla Aragon International Airport,CLO,CLO,CO
Matecaña International Airport,PEI,PEI,CO
Jose Maria Córdova International Airport,MDE,MDE,CO
Gustavo Rojas Pinilla International Airport,ADZ,ADZ,CO
Ascención De Guarayos Airport,ASC,ASC,BO
Jorge Wilsterman International Airport,CBB,CBB,BO
El Trompillo Airport,SRZ,VVI,BO
El Alto International Airport,LPB,LPB,BO
Johan Adolf Pengel International Airport,PBM,ORG,SR
Cayenne-Rochambeau Airport,CAY,CAY,GF
Cap FAP David Abenzur Rengifo International Airport,PCL,PCL,PE
Tingo Maria Airport,TGI,TGI,PE
Capitan FAP Jose A Quinones Gonzales International Airport,CIX,CIX,PE
Coronel FAP Alfredo Mendivil Duarte Airport,AYP,AYP,PE
Andahuaylas Airport,ANS,ANS,PE
Jorge Chávez International Airport,LIM,LIM,PE
Juan Simons Vela Airport,RIJ,RIJ,PE
Juanjui Airport,JJI,JJI,PE
Inca Manco Capac International Airport,JUL,JUL,PE
Mayor General FAP Armando Revoredo Iglesias Airport,CJA,CJA,PE
Capitan FAP Pedro Canga Rodriguez Airport,TBP,TBP,PE
Moises Benzaquen Rengifo Airport,YMS,YMS,PE
Chachapoyas Airport,CHH,CHH,PE
Rodríguez Ballón International Airport,AQP,AQP,PE
Capitan FAP Carlos Martinez De Pinillos International Airport,TRU,TRU,PE
Cadete FAP Guillermo Del Castillo Paredes Airport,TPP,TPP,PE
Coronel FAP Carlos Ciriani Santa Rosa International Airport,TCQ,TCQ,PE
Padre Aldamiz International Airport,PEM,PEM,PE
Capitán FAP Guillermo Concha Iberico International Airport,PIU,PIU,PE
Capitan Montes Airport,TYL,TYL,PE
Alejandro Velasco Astete International Airport,CUZ,CUZ,PE
Stony River 2 Airport,SRV,SRV,US
Carrasco International /General C L Berisso Airport,MVD,MVD,UY
Oswaldo Guevara Mujica Airport,AGV,AGV,VE
General Jose Antonio Anzoategui International Airport,BLA,BLA,VE
Barinas Airport,BNS,BNS,VE
Barquisimeto International Airport,BRM,BRM,VE
Canaima Airport,CAJ,CAJ,VE
General Francisco Bermúdez Airport,CUP,CUP,VE
José Leonardo Chirinos Airport,CZE,CZE,VE
Cumaná (Antonio José de Sucre) Airport,CUM,CUM,VE
Josefa Camejo International Airport,LSP,LSP,VE
La Chinita International Airport,MAR,MAR,VE
Alberto Carnevalli Airport,MRD,MRD,VE
Del Caribe Santiago Mariño International Airport,PMV,PMV,VE
Simón Bolívar International Airport,CCS,CCS,VE
Maturín Airport,MUN,MUN,VE
Cacique Aramare Airport,PYH,PYH,VE
General Bartolome Salom International Airport,PBL,PBL,VE
General Manuel Carlos Piar International Airport,PZO,PZO,VE
Stevens Village Airport,SVS,SVS,US
San Antonio Del Tachira Airport,SVZ,SVZ,VE
Mayor Buenaventura Vivas International Airport,STD,STD,VE
San Tomé Airport,SOM,SOM,VE
Arturo Michelena International Airport,VLN,VLN,VE
Dr. Antonio Nicolás Briceño Airport,VLV,VLV,VE
Lumid Pau Airport,LUB,LUB,GY
V.C. Bird International Airport,ANU,ANU,AG
Sir Grantley Adams International Airport,BGI,BGI,BB
Melville Hall Airport,DOM,DOM,DM
Martinique Aimé Césaire International Airport,FDF,FDF,MQ
Pointe-à-Pitre Le Raizet,PTP,PTP,GP
Point Salines International Airport,GND,GND,GD
Cyril E. King Airport,STT,STT,VI
Antonio Nery Juarbe Pol Airport,ARE,ARE,PR
Vieques Airport,VQS,VQS,PR
Benjamin Rivera Noriega Airport,CPX,CPX,PR
Eugenio Maria De Hostos Airport,MAZ,MAZ,PR
Mercedita Airport,PSE,PSE,PR
Luis Munoz Marin International Airport,SJU,SIG,PR
Antonio Rivera Rodriguez Airport,VQS,VQS,PR
Robert L. Bradshaw International Airport,SKB,SKB,KN
George F. L. Charles Airport,SLU,UVF,LC
Tuluksak Airport,TLT,TLT,US
Queen Beatrix International Airport,AUA,AUA,AW
Flamingo International Airport,BON,BON,BQ
Hato International Airport,CUR,CUR,CW
Princess Juliana International Airport,SXM,SXM,SX
Tobago-Crown Point Airport,TAB,TAB,TT
Piarco International Airport,POS,POS,TT
Terrance B. Lettsome International Airport,EIS,EIS,VG
E. T. Joshua Airport,SVD,SVD,VC
L.F. Wade International International Airport,BDA,BDA,BM
Almaty Airport,ALA,ALA,KZ
Sary-Arka Airport,KGF,KGF,KZ
Zvartnots International Airport,EVN,EVN,AM
Sukhumi Dranda Airport,SUI,SUI,GE
Khabarovsk-Novy Airport,KHV,KHV,RU
Sokol Airport,GDX,GDX,RU
Yuzhno-Sakhalinsk Airport,UUS,UUS,RU
Vladivostok International Airport,VVO,VVO,RU
Simferopol International Airport,SIP,SIP,UA
Kiev Zhuliany International Airport,IEV,KBP,UA
Pulkovo Airport,LED,LED,RU
Minsk National Airport,MSQ,MSQ,BY
Abakan Airport,ABA,ABA,RU
Yemelyanovo Airport,KJA,KJA,RU
Tolmachevo Airport,OVB,OVB,RU
Norilsk-Alykel Airport,NSK,NSK,RU
Mineralnyye Vody Airport,MRV,MRV,RU
Sochi International Airport,AER,AER,RU
Amchitka Army Airfield,AHT,AHT,US
Koltsovo Airport,SVX,SVX,RU
Tashkent International Airport,TAS,TAS,UZ
Sardar Vallabhbhai Patel International Airport,AMD,AMD,IN
Chhatrapati Shivaji International Airport,BOM,BOM,IN
Bandaranaike International Colombo Airport,CMB,CMB,LK
Phnom Penh International Airport,PNH,PNH,KH
Netaji Subhash Chandra Bose International Airport,CCU,CCU,IN
Lokpriya Gopinath Bordoloi International Airport,GAU,GAU,IN
Shah Amanat International Airport,CGP,CGP,BD
Dhaka / Hazrat Shahjalal International Airport,DAC,DAC,BD
Chek Lap Kok International Airport,HKG,HKG,HK
Hong Kong International Airport Kai Tak,HKG,HKG,HK
Sri Guru Ram Dass Jee International Airport,ATQ,ATQ,IN
Indira Gandhi International Airport,DEL,DEL,IN
Jaipur International Airport,JAI,JAI,IN
Chaudhary Charan Singh International Airport,LKO,LKO,IN
Sam Neua Airport,NEU,NEU,LA
Wattay International Airport,VTE,VTE,LA
Tribhuvan International Airport,KTM,KTM,NP
Bengaluru International Airport,BLR,BLR,IN
Cochin International Airport,COK,COK,IN
Calicut International Airport,CCJ,CCJ,IN
Rajiv Gandhi International Airport,HYD,HYD,IN
Chennai International Airport,MAA,MAA,IN
Trivandrum International Airport,TRV,TRV,IN
Malé International Airport,MLE,MLE,MV
Suvarnabhumi Airport,BKK,BKK,TH
Chiang Mai International Airport,CNX,CNX,TH
Phuket International Airport,HKT,HKT,TH
Hat Yai International Airport,HDY,HDY,TH
Noi Bai International Airport,HAN,HAN,VN
Tan Son Nhat International Airport,SGN,SGN,VN
Yangon International Airport,RGN,RGN,MM
Frans Kaisiepo Airport,BIK,BIK,ID
Ngurah Rai (Bali) International Airport,DPS,DPS,ID
Sam Ratulangi Airport,MDC,MDC,ID
"Mangole Airport, Falabisahaya",MAL,MAL,ID
Juanda International Airport,SUB,SUB,ID
Bintulu Airport,BTU,BTU,MY
Kuching International Airport,KCH,KCH,MY
Miri Airport,MYY,MYY,MY
Sibu Airport,SBW,SBW,MY
Lahad Datu Airport,LDU,LDU,MY
Kota Kinabalu International Airport,BKI,BKI,MY
Labuan Airport,LBU,LBU,MY
Sepulot Airport,SPE,SPE,MY
Sandakan Airport,SDK,SDK,MY
Tawau Airport,TWU,TWU,MY
Brunei International Airport,BWN,BWN,BN
Soewondo Air Force Base,MES,MES,ID
Sultan Mahmud Badaruddin II Airport,PLM,PLM,ID
Sultan Abdul Halim Airport,AOR,AOR,MY
Sultan Azlan Shah Airport,IPH,IPH,MY
Senai International Airport,JHB,JHB,MY
Kuala Lumpur International Airport,KUL,KUL,MY
Langkawi International Airport,LGK,LGK,MY
Penang International Airport,PEN,PEN,MY
Singapore Changi International Airport,SIN,XSP,SG
Flughafen München-Riem,MUC,MUC,DE
Brisbane International Airport,BNE,BNE,AU
Cairns International Airport,CNS,CNS,AU
Leinster Airport,LER,LER,AU
Meekatharra Airport,MKR,MKR,AU
Launceston Airport,LST,LST,AU
Melbourne International Airport,MEL,MEB,AU
Adelaide International Airport,ADL,ADL,AU
Darwin International Airport,DRW,DRW,AU
Port Hedland International Airport,PHE,PHE,AU
Perth International Airport,PER,PER,AU
Sydney Kingsford Smith International Airport,SYD,SYD,AU
Akiachak Airport,KKI,KKI k hk,US
Baita International Airport,HET,HET,CN
Baotou Airport,BAV,BAV,CN
Shijiazhuang Daguocun International Airport,SJW,SJW,CN
Tianjin Binhai International Airport,TSN,TSN,CN
Taiyuan Wusu Airport,TYN,TYN,CN
Guangzhou Baiyun International Airport,CAN,CAN,CN
Changsha Huanghua International Airport,CSX,CSX,CN
Guilin Liangjiang International Airport,KWL,KWL,CN
Nanning Wuxu Airport,NNG,NNG,CN
Jieyang Chaoshan International Airport,SWA,SWA,CN
Shenzhen Bao'an International Airport,SZX,SZX,CN
Zhanjiang Airport,ZHA,ZHA,CN
Zhengzhou Xinzheng International Airport,CGO,CGO,CN
Wuhan Tianhe International Airport,WUH,WUH,CN
Haikou Meilan International Airport,HAK,HAK,CN
Sanya Phoenix International Airport,SYX,SYX,CN
Sunan International Airport,FNJ,FNJ,KP
Ankang Airport,AKA,AKA,CN
Yinchuan Airport,INC,INC,CN
Lanzhou Zhongchuan Airport,LHW,LHW,CN
Xiguan Airport,SIA,SIA,CN
Chinggis Khaan International Airport,ULN,ULN,MN
Kunming Changshui International Airport,KMG,KMG,CN
Xiamen Gaoqi International Airport,XMN,XMN,CN
Nanchang Changbei International Airport,KHN,KHN,CN
Fuzhou Changle International Airport,FOC,FOC,CN
Hangzhou Xiaoshan International Airport,HGH,HGH,CN
Yaoqiang Airport,TNA,TNA,CN
Ningbo Lishe International Airport,NGB,NGB,CN
Nanjing Lukou Airport,NKG,NKG,CN
Hefei Luogang International Airport,HFE,HFE,CN
Liuting Airport,TAO,TAO,CN
Shanghai Hongqiao International Airport,SHA,SHA,CN
Yantai Laishan Airport,YNT,YNT,CN
Chongqing Jiangbei International Airport,CKG,CKG,CN
Longdongbao Airport,KWE,KWE,CN
Lhasa Gonggar Airport,LXA,LXA,CN
Chengdu Shuangliu International Airport,CTU,CTU,CN
Ürümqi Diwopu International Airport,URC,URC,CN
Longjia Airport,CGQ,CGQ,CN
Taiping Airport,HRB,HRB,CN
Zhoushuizi Airport,DLC,DLC l,CN
Taoxian Airport,SHE,SHE,CN
